{
  "project_info": {
    "project_number": "35971824564",
    "firebase_url": "https://evaluacion-3-b4416-default-rtdb.firebaseio.com",
    "project_id": "evaluacion-3-b4416",
    "storage_bucket": "evaluacion-3-b4416.appspot.com"
  },
  "client": [
    {
      "client_info": {
        "mobilesdk_app_id": "1:35971824564:android:9ddca9548ad728d664d0e1",
        "android_client_info": {
          "package_name": "cl.inacap.evaluacion3"
        }
      },
      "oauth_client": [
        {
          "client_id": "35971824564-fogjh6eggg1tt719ocoq5rm238e6g21m.apps.googleusercontent.com",
          "client_type": 3
        }
      ],
      "api_key": [
        {
          "current_key": "AIzaSyDyObMVPISSOAEGAhwi38a6xTvEKO8rKa0"
        }
      ],
      "services": {
        "appinvite_service": {
          "other_platform_oauth_client": [
            {
              "client_id": "35971824564-fogjh6eggg1tt719ocoq5rm238e6g21m.apps.googleusercontent.com",
              "client_type": 3
            }
          ]
        }
      }
    }
  ],
  "configuration_version": "1"
}